{
  "content": [
    {
      "path": "ContentInfo/normware-airport-l18-fallbrook/ContentHistory.json",
      "size": 399,
      "date": 134146319730066068
    },
    {
      "path": "ContentInfo/normware-airport-l18-fallbrook/Thumbnail.jpg",
      "size": 5446,
      "date": 133973605826089092
    },
    {
      "path": "Scenery/airport-l18-fallbrook/L18 - Copy (2).bgl",
      "size": 1382,
      "date": 134145718866706843
    },
    {
      "path": "Scenery/airport-l18-fallbrook/L18 - Copy.bgl",
      "size": 1094,
      "date": 134145718866826895
    },
    {
      "path": "Scenery/airport-l18-fallbrook/L18 - lpv.bgl",
      "size": 1382,
      "date": 134145718866960827
    },
    {
      "path": "Scenery/airport-l18-fallbrook/L18.bgl",
      "size": 1094,
      "date": 134146319730026066
    }
  ]
}