{
  "content": [
    {
      "path": "ContentInfo/normware-airport-l18-fallbrook/ContentHistory.json",
      "size": 645,
      "date": 134147063674955689
    },
    {
      "path": "ContentInfo/normware-airport-l18-fallbrook/Thumbnail.jpg",
      "size": 5446,
      "date": 133973605826089092
    },
    {
      "path": "Scenery/airport-l18-fallbrook/L18 - Copy (2).bgl",
      "size": 1382,
      "date": 134145718866706843
    },
    {
      "path": "Scenery/airport-l18-fallbrook/L18 - Copy.bgl",
      "size": 1094,
      "date": 134145718866826895
    },
    {
      "path": "Scenery/airport-l18-fallbrook/L18 - final only.bgl",
      "size": 770,
      "date": 134146975738530678
    },
    {
      "path": "Scenery/airport-l18-fallbrook/L18 - GP fail.bgl",
      "size": 1318,
      "date": 134146967820295268
    },
    {
      "path": "Scenery/airport-l18-fallbrook/L18 - lpv.bgl",
      "size": 1382,
      "date": 134145718866960827
    },
    {
      "path": "Scenery/airport-l18-fallbrook/L18 - works.bgl",
      "size": 1318,
      "date": 134147001933460877
    },
    {
      "path": "Scenery/airport-l18-fallbrook/L18.bgl",
      "size": 1390,
      "date": 134147063674885686
    }
  ]
}