{
  "content": [
    {
      "path": "ContentInfo/normware-airport-l18-fallbrook/ContentHistory.json",
      "size": 399,
      "date": 134145587237745196
    },
    {
      "path": "ContentInfo/normware-airport-l18-fallbrook/Thumbnail.jpg",
      "size": 5446,
      "date": 133973605826089092
    },
    {
      "path": "Scenery/airport-l18-fallbrook/L18 - Copy (2).bgl",
      "size": 1382,
      "date": 134145555336396654
    },
    {
      "path": "Scenery/airport-l18-fallbrook/L18 - Copy.bgl",
      "size": 1094,
      "date": 134145489447780480
    },
    {
      "path": "Scenery/airport-l18-fallbrook/L18 - lpv.bgl",
      "size": 1382,
      "date": 134145532324619686
    },
    {
      "path": "Scenery/airport-l18-fallbrook/L18.bgl",
      "size": 1454,
      "date": 134145587237709578
    }
  ]
}