{
  "locations": [
    {
      "type": "airport",
      "airportCode": "L18",
      "latitude": 33.35415154695511,
      "longitude": -117.25085869431496
    },
    {
      "type": "airport",
      "airportCode": "L18",
      "latitude": 33.35415154695511,
      "longitude": -117.25085869431496
    },
    {
      "type": "airport",
      "airportCode": "L18",
      "latitude": 33.35415154695511,
      "longitude": -117.25085869431496
    },
    {
      "type": "airport",
      "airportCode": "L18",
      "latitude": 33.35415154695511,
      "longitude": -117.25085869431496
    },
    {
      "type": "airport",
      "airportCode": "L18",
      "latitude": 33.35415154695511,
      "longitude": -117.25085869431496
    },
    {
      "type": "airport",
      "airportCode": "L18",
      "latitude": 33.35415154695511,
      "longitude": -117.25085869431496
    },
    {
      "type": "airport",
      "airportCode": "L18",
      "latitude": 33.35415154695511,
      "longitude": -117.25085869431496
    }
  ]
}