<?xml version="1.0" encoding="utf-8"?>
<FSData version="9.0" timestamp="1/1/1601 12:00:00 AM">

     <Waypoint lat="33.43800278" lon="-117.22564167" waypointType="FAF" magvar="11.1" waypointRegion="K1" waypointIdent="IFLEV"> </Waypoint>
     <Waypoint lat="33.4076" lon="-117.2346" waypointType="NAMED" magvar="11.1" waypointRegion="K1" waypointIdent="31RW"> </Waypoint>


  <Airport name="Fallbrook Community"
           lat="33.35415154695511"
           lon="-117.25085869431496"
           alt="214.426M"
           ident="L18"
           trafficScalar="1"
           isOnTIN="FALSE"
           onlyAddIfReplace="FALSE"
           applyFlatten="FALSE"
           starAirport="FALSE"
           closed="FALSE">

    <DeleteAirport deleteAllApproaches="TRUE" />


          <Approach type="GPS"
          runway="18"
          designator="NONE"
          gpsOverlay="FALSE"
          fixType="WAYPOINT"
          fixRegion="K1"
          fixIdent="IFLEV"
          altitude="2600F"
          heading="181"
          missedAltitude="5000F" 
          lnav="TRUE"
          lnavvnav="TRUE"
          lpv="FALSE"
          lp="FALSE">

   <ApproachLegs>
      <!-- Initial Fix -->
      <Leg type="IF" fixType="WAYPOINT" fixRegion="K1" fixIdent="IFLEV" altitudeDescriptor="+" altitude1="2611F" />
      <!-- Final Approach Segment: Use TF (Track to Fix) -->
      <Leg type="TF" fixType="RUNWAY" fixRegion="K1" fixIdent="RW18" magneticCourse="181" altitudeDescriptor="A" altitude1="753F" verticalAngle="3.50" flyOver="TRUE" />
   </ApproachLegs>
</Approach>


  </Airport>
</FSData>