<?xml version="1.0" encoding="utf-8"?>
<FSData version="9.0" timestamp="1/1/1601 12:00:00 AM">

  <Airport name="Fallbrook Community"
           lat="33.35415154695511"
           lon="-117.25085869431496"
           alt="214.426M"
           ident="L18"
           trafficScalar="1"
           isOnTIN="FALSE"
           onlyAddIfReplace="FALSE"
           applyFlatten="FALSE"
           starAirport="FALSE"
           closed="FALSE">

    <DeleteAirport deleteAllApproaches="TRUE"
                   deleteAllApronLights="FALSE"
                   deleteAllAprons="FALSE"
                   deleteAllFrequencies="FALSE"
                   deleteAllHelipads="FALSE"
                   deleteAllRunways="FALSE"
                   deleteAllStarts="FALSE"
                   deleteAllTaxiways="FALSE"
                   deleteAllBlastFences="FALSE"
                   deleteAllBoundaryFences="FALSE"
                   deleteAllControlTowers="FALSE"
                   deleteAllJetways="FALSE"
                   deleteAllDepartures="FALSE"
                   deleteAllArrivals="FALSE"
                   deleteAllPaintedElements="FALSE"
                   deleteAllLightSupports="FALSE"
                   deleteAllTaxiwaySigns="FALSE"
                   deleteAllILSs="FALSE"
                   deleteAllTerminalWaypoints="FALSE"
                   deleteAllTerminalNDBs="FALSE" />

    <Approach type="RNAV"
              runway="18"
              designator="NONE"
              gpsOverlay="TRUE"
              fixType="WAYPOINT"
              fixRegion="K1"
              fixIdent="IFLEV"
              altitude="792.48"
              heading="181"
              missedAltitude="1524.0"
              lnav="FALSE"
              lnavvnav="TRUE"
              lpv="FALSE"
              lp="FALSE">

      <!-- Approach legs -->
      <ApproachLegs>
        <Leg type="IF"
             fixType="WAYPOINT"
             fixRegion="K1"
             fixIdent="IFLEV"
             altitudeDescriptor="+"
             altitude1="2600F" />

        <Leg type="TF"
             fixType="WAYPOINT"
             fixRegion="K1"
             fixIdent="RW18"
             trueCourse="181"
             altitudeDescriptor="+"
             altitude1="214.4" />
      </ApproachLegs>

      <!-- Missed approach -->
      <MissedApproachLegs>
        <Leg type="CA"
             trueCourse="181"
             altitudeDescriptor="+"
             altitude1="1524.0" />

        <Leg type="TF"
             fixType="WAYPOINT"
             fixRegion="K1"
             fixIdent="ROBNN"
             trueCourse="290"
             altitudeDescriptor="+"
             altitude1="1524.0" />

        <Leg type="HM"
             fixType="WAYPOINT"
             fixRegion="K1"
             fixIdent="ROBNN"
             trueCourse="290"
             turnDirection="L"
             time="1.0"
             altitudeDescriptor="+"
             altitude1="1524.0" />
      </MissedApproachLegs>

      <!-- Transition with course reversal hold -->
      <Transition transitionType="FULL"
                  fixType="WAYPOINT"
                  fixRegion="K1"
                  fixIdent="UDHAY"
                  altitude="1219.2"
                  name="UDHAY">
        <TransitionLegs>
          <Leg type="HF"
               fixType="WAYPOINT"
               fixRegion="K1"
               fixIdent="UDHAY"
               trueCourse="181"
               turnDirection="L"
               time="1.0" />

          <Leg type="TF"
               fixType="WAYPOINT"
               fixRegion="K1"
               fixIdent="ADUNE"
               trueCourse="181" />

          <Leg type="TF"
               fixType="WAYPOINT"
               fixRegion="K1"
               fixIdent="IFLEV"
               trueCourse="181" />
        </TransitionLegs>
      </Transition>

    </Approach>
  </Airport>
</FSData>