<?xml version="1.0" encoding="utf-8"?>
<FSData version="9.0" timestamp="1/1/1601 12:00:00 AM">


     <!-- Define all fixes explicitly (MSFS-compatible) -->
     <Waypoint waypointIdent="UDHAY" waypointRegion="K1" waypointType="IAF"
               lat="33.5231834" lon="-117.1999972" magvar="11.1"/>
     <Waypoint waypointIdent="ADUNE" waypointRegion="K1" waypointType="NAMED"
               lat="33.4865750" lon="-117.2110250" magvar="11.1"/>
     <Waypoint waypointIdent="IFLEV" waypointRegion="K1" waypointType="FAF"
               lat="33.4380027" lon="-117.2256417" magvar="11.1"/>
     <Waypoint waypointIdent="RW18" waypointRegion="K1" waypointType="NAMED"
               lat="33.3570444" lon="-117.2499861" magvar="11.1"/>
     <Waypoint waypointIdent="ROBNN" waypointRegion="K1" waypointType="NAMED"
               lat="33.2034778" lon="-117.1034944" magvar="11.1"/>

  <Airport name="Fallbrook Community"
           lat="33.35415154695511"
           lon="-117.25085869431496"
           alt="214.426M"
           ident="L18"
           trafficScalar="1"
           isOnTIN="FALSE"
           onlyAddIfReplace="FALSE"
           applyFlatten="FALSE"
           starAirport="FALSE"
           closed="FALSE">

    <DeleteAirport deleteAllApproaches="TRUE" />

    <Approach type="GPS"
          runway="18"
          designator="NONE"
          gpsOverlay="FALSE"
          fixType="WAYPOINT"
          fixRegion="K1"
          fixIdent="IFLEV"
          altitude="2600F"
          heading="181"
          missedAltitude="5000F"
          lnav="FALSE"
          lnavvnav="FALSE"
          lpv="TRUE"
          lp="FALSE">

     <ApproachLegs>
     <Leg type="IF"
          fixType="WAYPOINT"
          fixRegion="K1"
          fixIdent="IFLEV"
          altitudeDescriptor="A"
          altitude1="2600F" />

     <Leg type="TF"
          fixType="WAYPOINT"
          fixRegion="K1"
          fixIdent="RW18"
          trueCourse="181"
          altitudeDescriptor="A"
          altitude1="708F"
          verticalAngle="3.00" />
     </ApproachLegs>

      <!-- Missed approach -->
      <MissedApproachLegs>
        <Leg type="CA"
             trueCourse="181"
             altitudeDescriptor="+"
             altitude1="1524.0" />

        <Leg type="TF"
             fixType="WAYPOINT"
             fixRegion="K1"
             fixIdent="ROBNN"
             trueCourse="290"
             altitudeDescriptor="+"
             altitude1="5000F" />

        <Leg type="HM"
             fixType="WAYPOINT"
             fixRegion="K1"
             fixIdent="ROBNN"
             trueCourse="290"
             turnDirection="L"
             time="1.0"
             altitudeDescriptor="+"
             altitude1="5000F" />
      </MissedApproachLegs>

      <!-- Transition with course reversal hold -->
      <Transition transitionType="FULL"
                  fixType="WAYPOINT"
                  fixRegion="K1"
                  fixIdent="UDHAY"
                  altitude="1219.2"
                  name="UDHAY">
        <TransitionLegs>
          <Leg type="HF"
               fixType="WAYPOINT"
               fixRegion="K1"
               fixIdent="UDHAY"
               trueCourse="181"
               turnDirection="L"
               time="1.0" />

          <Leg type="TF"
               fixType="WAYPOINT"
               fixRegion="K1"
               fixIdent="ADUNE"
               trueCourse="181" />

          <Leg type="TF"
               fixType="WAYPOINT"
               fixRegion="K1"
               fixIdent="IFLEV"
               trueCourse="181" />
        </TransitionLegs>
      </Transition>

    </Approach>
  </Airport>
</FSData>