<CommandsInputs>
	<File Path="C:\MyFSProjects\L18_GPS_18\PackageSources\Scenery\airport-l18-fallbrook\scenery\L18 - Copy.xml" Failure="0">
		<Package Name="normware-airport-l18-fallbrook" Failure="0">
			<AssetGroup Name="airport-l18-fallbrook"/>
		</Package>
	</File>
	<File Path="C:\MyFSProjects\L18_GPS_18\PackageDefinitions\normware-airport-l18-fallbrook\ContentInfo\Thumbnail.jpg" Failure="0">
		<Package Name="normware-airport-l18-fallbrook" Failure="0">
			<AssetGroup Name="ContentInfo"/>
		</Package>
	</File>
	<File Path="C:\MyFSProjects\L18_GPS_18\PackageSources\Scenery\airport-l18-fallbrook\scenery\L18 - Copy (2).xml" Failure="0">
		<Package Name="normware-airport-l18-fallbrook" Failure="0">
			<AssetGroup Name="airport-l18-fallbrook"/>
		</Package>
	</File>
	<File Path="C:\MyFSProjects\L18_GPS_18\PackageSources\Scenery\airport-l18-fallbrook\scenery\L18.xml" Failure="0">
		<Package Name="normware-airport-l18-fallbrook" Failure="0">
			<AssetGroup Name="airport-l18-fallbrook"/>
		</Package>
	</File>
	<File Path="C:\MyFSProjects\L18_GPS_18\PackageSources\Scenery\airport-l18-fallbrook\scenery\L18 - lpv.xml" Failure="0">
		<Package Name="normware-airport-l18-fallbrook" Failure="0">
			<AssetGroup Name="airport-l18-fallbrook"/>
		</Package>
	</File>
</CommandsInputs>

