<?xml version="1.0" encoding="utf-8"?>
<AssetPackage Version="0.1.0">
	<ItemSettings>
		<ContentType>SCENERY</ContentType>
		<Title>L18 (Fallbrook) Custom Airport</Title>
		<Manufacturer>Normware</Manufacturer>
		<Creator>Norm Hortman</Creator>
	</ItemSettings>
	<Flags>
		<VisibleInStore>false</VisibleInStore>
		<CanBeReferenced>false</CanBeReferenced>
	</Flags>
	<AssetGroups>
		<AssetGroup Name="ContentInfo">
			<Type>ContentInfo</Type>
			<Flags>
				<FSXCompatibility>false</FSXCompatibility>
			</Flags>
			<AssetDir>PackageDefinitions\normware-airport-l18-fallbrook\ContentInfo\</AssetDir>
			<OutputDir>ContentInfo\normware-airport-l18-fallbrook\</OutputDir>
		</AssetGroup>
		<AssetGroup Name="airport-l18-fallbrook">
			<Type>BGL</Type>
			<Flags>
				<FSXCompatibility>false</FSXCompatibility>
			</Flags>
			<AssetDir>PackageSources\Scenery\airport-l18-fallbrook\scenery\</AssetDir>
			<OutputDir>Scenery\airport-l18-fallbrook\</OutputDir>
		</AssetGroup>
	</AssetGroups>
</AssetPackage>

