{
  "package-name": "normware-airport-l18-fallbrook",
  "items": [
    {
      "type": "Airport",
      "content": "L18",
      "revision": 1
    },
    {
      "type": "Airport",
      "content": "L18",
      "revision": 1
    },
    {
      "type": "Airport",
      "content": "L18",
      "revision": 1
    },
    {
      "type": "Airport",
      "content": "L18",
      "revision": 1
    },
    {
      "type": "Airport",
      "content": "L18",
      "revision": 1
    },
    {
      "type": "Airport",
      "content": "L18",
      "revision": 1
    },
    {
      "type": "Airport",
      "content": "L18",
      "revision": 1
    }
  ]
}