<?xml version="1.0" encoding="utf-8"?>
<FSData version="9.0" timestamp="1/1/1601 12:00:00 AM">

  <Airport name="Fallbrook Community"
           lat="33.35415154695511"
           lon="-117.25085869431496"
           alt="214.426M"
           ident="L18"
           trafficScalar="1"
           isOnTIN="FALSE"
           onlyAddIfReplace="FALSE"
           applyFlatten="FALSE"
           starAirport="FALSE"
           closed="FALSE">

    <DeleteAirport deleteAllApproaches="TRUE" />

    <Approach type="GPS"
              runway="18"
              designator="NONE"
              gpsOverlay="FALSE"
              fixType="WAYPOINT"
              fixRegion="K1"
              fixIdent="IFLEV"
              altitude="2600F"
              heading="181"
              missedAltitude="5000F"
              lnav="TRUE"
              lnavvnav="TRUE"
              lpv="FALSE"
              lp="FALSE">

          <ApproachLegs>
               <Leg type="IF"
                    fixType="WAYPOINT"
                    fixRegion="K1"
                    fixIdent="IFLEV"
                    altitudeDescriptor="A"
                    altitude1="2600F" />

               <Leg type="TF"
                    fixType="WAYPOINT"
                    fixRegion="K1"
                    fixIdent="RW18"
                    magneticCourse="181"
                    verticalAngle="3.10"
                    altitudeDescriptor="A"
                    altitude1="758F" />
          </ApproachLegs>

          <MissedApproachLegs>
               <Leg type="DF"
                    fixType="WAYPOINT"
                    fixRegion="K1"
                    fixIdent="ROBNN"
                    flyOver="TRUE"
                    altitudeDescriptor="A"
                    altitude1="5000F" />

               <Leg type="HM"
                    fixType="WAYPOINT"
                    fixRegion="K1"
                    fixIdent="ROBNN"
                    magneticCourse="290"
                    turnDirection="L"
                    time="1.0"
                    altitudeDescriptor="A"
                    altitude1="5000F" />
          </MissedApproachLegs>

          <Transition transitionType="FULL"
               fixType="WAYPOINT"
               fixRegion="K1"
               fixIdent="UDHAY"
               name="UDHAY">
               <TransitionLegs>

                    <Leg type="IF"
                         fixType="WAYPOINT"
                         fixRegion="K1"
                         fixIdent="UDHAY"
                         altitudeDescriptor="A"
                         altitude1="4000F" />

                    <!-- Racetrack course reversal -->
                    <Leg type="HF"
                         fixType="WAYPOINT"
                         fixRegion="K1"
                         fixIdent="UDHAY"
                         magneticCourse="181"
                         turnDirection="L"
                         time="1.0"
                         altitudeDescriptor="A"
                         altitude1="4000F" />

                    <Leg type="TF"
                         fixType="WAYPOINT"
                         fixRegion="K1"
                         fixIdent="ADUNE"
                         magneticCourse="181"
                         altitudeDescriptor="+"
                         altitude1="3500F" />

                    <Leg type="TF"
                         fixType="WAYPOINT"
                         fixRegion="K1"
                         fixIdent="IFLEV"
                         magneticCourse="181"
                         altitudeDescriptor="+"
                         altitude1="2600F" />
               </TransitionLegs>
          </Transition>

    </Approach>
  </Airport>
</FSData>