<?xml version="1.0" encoding="utf-8"?>
<Project Version="2" Name="L18_GPS_18" FolderName="Packages" PublishingGroupFolderName="PublishingGroupsContent" MetadataFolderName="PackagesMetadata" PublishingGroupMetadataFolderName="PublishingGroupsMetadata">
	<OutputDirectory>.</OutputDirectory>
	<TemporaryOutputDirectory>_PackageInt</TemporaryOutputDirectory>
	<PublishingGroupTemporaryOutputDirectory>_PublishingGroupInt</PublishingGroupTemporaryOutputDirectory>
	<Packages>
		<Package>PackageDefinitions\normware-airport-l18-fallbrook.xml</Package>
	</Packages>
	<PublishingGroups/>
</Project>

